Workbook

Sheet Inventory
A1: SKU | B1: Name | C1: CostPerUnit | D1: DefaultSalePrice | E1: XS | F1: S | G1: M | H1: L | I1: XL | J1: XXL | K1: TotalQty | L1: TotalCost
A2: A123 | B2: Толстовка Basic | C2: 2000 | D2: 4500 | E2: 0 | F2: 3 | G2: 5 | H2: 4 | I2: 1 | J2: 0 | K2: =SUM(E2:J2) | L2: =C2*K2
K3: =SUM(E3:J3) | L3: =C3*K3
K4: =SUM(E4:J4) | L4: =C4*K4
K5: =SUM(E5:J5) | L5: =C5*K5
K6: =SUM(E6:J6) | L6: =C6*K6
K7: =SUM(E7:J7) | L7: =C7*K7
K8: =SUM(E8:J8) | L8: =C8*K8
K9: =SUM(E9:J9) | L9: =C9*K9
K10: =SUM(E10:J10) | L10: =C10*K10
K11: =SUM(E11:J11) | L11: =C11*K11
K12: =SUM(E12:J12) | L12: =C12*K12
K13: =SUM(E13:J13) | L13: =C13*K13
K14: =SUM(E14:J14) | L14: =C14*K14
... K51: =SUM(E51:J51) | L51: =C51*K51

Sheet Sales
A1: Timestamp | B1: Month | C1: SKU | D1: Name | E1: Size | F1: SalePrice | G1: CostPerUnit | H1: NetProfit
A2: 2025-11-01T17:57:55Z | B2: 2025-11 | C2: A123 | D2: Толстовка Basic | E2: M | F2: 4500 | G2: 2000 | H2: =F2-G2

Sheet Summary
A1: Month | B1: Total Sales | C1: Total Profit
A2: =UNIQUE(Sales!B2:B1048576) | B2: =IF(A2="","",SUMIF(Sales!B:B,A2,Sales!F:F)) | C2: =IF(A2="","",SUMIF(Sales!B:B,A2,Sales!H:H))
B3: =IF(A3="","",SUMIF(Sales!B:B,A3,Sales!F:F)) | C3: =IF(A3="","",SUMIF(Sales!B:B,A3,Sales!H:H))
B4: =IF(A4="","",SUMIF(Sales!B:B,A4,Sales!F:F)) | C4: =IF(A4="","",SUMIF(Sales!B:B,A4,Sales!H:H))
B5: =IF(A5="","",SUMIF(Sales!B:B,A5,Sales!F:F)) | C5: =IF(A5="","",SUMIF(Sales!B:B,A5,Sales!H:H))
B6: =IF(A6="","",SUMIF(Sales!B:B,A6,Sales!F:F)) | C6: =IF(A6="","",SUMIF(Sales!B:B,A6,Sales!H:H))
B7: =IF(A7="","",SUMIF(Sales!B:B,A7,Sales!F:F)) | C7: =IF(A7="","",SUMIF(Sales!B:B,A7,Sales!H:H))
B8: =IF(A8="","",SUMIF(Sales!B:B,A8,Sales!F:F)) | C8: =IF(A8="","",SUMIF(Sales!B:B,A8,Sales!H:H))
B9: =IF(A9="","",SUMIF(Sales!B:B,A9,Sales!F:F)) | C9: =IF(A9="","",SUMIF(Sales!B:B,A9,Sales!H:H))
B10: =IF(A10="","",SUMIF(Sales!B:B,A10,Sales!F:F)) | C10: =IF(A10="","",SUMIF(Sales!B:B,A10,Sales!H:H))
B11: =IF(A11="","",SUMIF(Sales!B:B,A11,Sales!F:F)) | C11: =IF(A11="","",SUMIF(Sales!B:B,A11,Sales!H:H))
B12: =IF(A12="","",SUMIF(Sales!B:B,A12,Sales!F:F)) | C12: =IF(A12="","",SUMIF(Sales!B:B,A12,Sales!H:H))
B13: =IF(A13="","",SUMIF(Sales!B:B,A13,Sales!F:F)) | C13: =IF(A13="","",SUMIF(Sales!B:B,A13,Sales!H:H))
B14: =IF(A14="","",SUMIF(Sales!B:B,A14,Sales!F:F)) | C14: =IF(A14="","",SUMIF(Sales!B:B,A14,Sales!H:H))
... B101: =IF(A101="","",SUMIF(Sales!B:B,A101,Sales!F:F)) | C101: =IF(A101="","",SUMIF(Sales!B:B,A101,Sales!H:H))

Sheet README
A1: Как пользоваться
A2: 1) Заполняйте лист Inventory: SKU, Name, CostPerUnit, DefaultSalePrice и остатки по размерам. 2) Бот будет списывать размеры и записывать продажи в лист Sales. 3) Summary агрегирует выручку и прибыль по месяцам (YYYY-MM).
